job_title,location
Clinical Research Associate,New York
Clinical Research Associate,Los Angeles
Clinical Research Associate,San Francisco
Clinical Research Associate,Seattle
Clinical Research Associate,Denver
Clinical Research Associate,San Diego
Clinical Research Associate,San Jose
Clinical Research Associate,Brooklyn
Clinical Research Associate,Oakland
Clinical Research Associate,Boulder
Clinical Research Associate,Irvine
Clinical Research Associate,Charlotte
Clinical Research Associate,Austin
Clinical Research Associate,Chicago
Clinical Research Associate,Boston
Clinical Research Associate,Atlanta
Clinical Research Associate,Miami
Clinical Research Associate,Philadelphia
Clinical Research Associate,Houston
Clinical Research Associate,Washington
Application Engineer,New York
Application Engineer,Los Angeles
Application Engineer,San Francisco
Application Engineer,Seattle
Application Engineer,Denver
Application Engineer,San Diego
Application Engineer,San Jose
Application Engineer,Brooklyn
Application Engineer,Oakland
Application Engineer,Boulder
Application Engineer,Irvine
Application Engineer,Charlotte
Application Engineer,Austin
Application Engineer,Chicago
Application Engineer,Boston
Application Engineer,Atlanta
Application Engineer,Miami
Application Engineer,Philadelphia
Application Engineer,Houston
Application Engineer,Washington
Software Engineer,New York
Software Engineer,Los Angeles
Software Engineer,San Francisco
Software Engineer,Seattle
Software Engineer,Denver
Software Engineer,San Diego
Software Engineer,San Jose
Software Engineer,Brooklyn
Software Engineer,Oakland
Software Engineer,Boulder
Software Engineer,Irvine
Software Engineer,Charlotte
Software Engineer,Austin
Software Engineer,Chicago
Software Engineer,Boston
Software Engineer,Atlanta
Software Engineer,Miami
Software Engineer,Philadelphia
Software Engineer,Houston
Software Engineer,Washington
Registered Nurse,New York
Registered Nurse,Los Angeles
Registered Nurse,San Francisco
Registered Nurse,Seattle
Registered Nurse,Denver
Registered Nurse,San Diego
Registered Nurse,San Jose
Registered Nurse,Brooklyn
Registered Nurse,Oakland
Registered Nurse,Boulder
Registered Nurse,Irvine
Registered Nurse,Charlotte
Registered Nurse,Austin
Registered Nurse,Chicago
Registered Nurse,Boston
Registered Nurse,Atlanta
Registered Nurse,Miami
Registered Nurse,Philadelphia
Registered Nurse,Houston
Registered Nurse,Washington
Project Manager,New York
Project Manager,Los Angeles
Project Manager,San Francisco
Project Manager,Seattle
Project Manager,Denver
Project Manager,San Diego
Project Manager,San Jose
Project Manager,Brooklyn
Project Manager,Oakland
Project Manager,Boulder
Project Manager,Irvine
Project Manager,Charlotte
Project Manager,Austin
Project Manager,Chicago
Project Manager,Boston
Project Manager,Atlanta
Project Manager,Miami
Project Manager,Philadelphia
Project Manager,Houston
Project Manager,Washington
Data Analyst,New York
Data Analyst,Los Angeles
Data Analyst,San Francisco
Data Analyst,Seattle
Data Analyst,Denver
Data Analyst,San Diego
Data Analyst,San Jose
Data Analyst,Brooklyn
Data Analyst,Oakland
Data Analyst,Boulder
Data Analyst,Irvine
Data Analyst,Charlotte
Data Analyst,Austin
Data Analyst,Chicago
Data Analyst,Boston
Data Analyst,Atlanta
Data Analyst,Miami
Data Analyst,Philadelphia
Data Analyst,Houston
Data Analyst,Washington
UX Designer,New York
UX Designer,Los Angeles
UX Designer,San Francisco
UX Designer,Seattle
UX Designer,Denver
UX Designer,San Diego
UX Designer,San Jose
UX Designer,Brooklyn
UX Designer,Oakland
UX Designer,Boulder
UX Designer,Irvine
UX Designer,Charlotte
UX Designer,Austin
UX Designer,Chicago
UX Designer,Boston
UX Designer,Atlanta
UX Designer,Miami
UX Designer,Philadelphia
UX Designer,Houston
UX Designer,Washington
Product Manager,New York
Product Manager,Los Angeles
Product Manager,San Francisco
Product Manager,Seattle
Product Manager,Denver
Product Manager,San Diego
Product Manager,San Jose
Product Manager,Brooklyn
Product Manager,Oakland
Product Manager,Boulder
Product Manager,Irvine
Product Manager,Charlotte
Product Manager,Austin
Product Manager,Chicago
Product Manager,Boston
Product Manager,Atlanta
Product Manager,Miami
Product Manager,Philadelphia
Product Manager,Houston
Product Manager,Washington
Mechanical Engineer,New York
Mechanical Engineer,Los Angeles
Mechanical Engineer,San Francisco
Mechanical Engineer,Seattle
Mechanical Engineer,Denver
Mechanical Engineer,San Diego
Mechanical Engineer,San Jose
Mechanical Engineer,Brooklyn
Mechanical Engineer,Oakland
Mechanical Engineer,Boulder
Mechanical Engineer,Irvine
Mechanical Engineer,Charlotte
Mechanical Engineer,Austin
Mechanical Engineer,Chicago
Mechanical Engineer,Boston
Mechanical Engineer,Atlanta
Mechanical Engineer,Miami
Mechanical Engineer,Philadelphia
Mechanical Engineer,Houston
Mechanical Engineer,Washington
Civil Engineer,New York
Civil Engineer,Los Angeles
Civil Engineer,San Francisco
Civil Engineer,Seattle
Civil Engineer,Denver
Civil Engineer,San Diego
Civil Engineer,San Jose
Civil Engineer,Brooklyn
Civil Engineer,Oakland
Civil Engineer,Boulder
Civil Engineer,Irvine
Civil Engineer,Charlotte
Civil Engineer,Austin
Civil Engineer,Chicago
Civil Engineer,Boston
Civil Engineer,Atlanta
Civil Engineer,Miami
Civil Engineer,Philadelphia
Civil Engineer,Houston
Civil Engineer,Washington
Electrical Engineer,New York
Electrical Engineer,Los Angeles
Electrical Engineer,San Francisco
Electrical Engineer,Seattle
Electrical Engineer,Denver
Electrical Engineer,San Diego
Electrical Engineer,San Jose
Electrical Engineer,Brooklyn
Electrical Engineer,Oakland
Electrical Engineer,Boulder
Electrical Engineer,Irvine
Electrical Engineer,Charlotte
Electrical Engineer,Austin
Electrical Engineer,Chicago
Electrical Engineer,Boston
Electrical Engineer,Atlanta
Electrical Engineer,Miami
Electrical Engineer,Philadelphia
Electrical Engineer,Houston
Electrical Engineer,Washington
Construction Manager,New York
Construction Manager,Los Angeles
Construction Manager,San Francisco
Construction Manager,Seattle
Construction Manager,Denver
Construction Manager,San Diego
Construction Manager,San Jose
Construction Manager,Brooklyn
Construction Manager,Oakland
Construction Manager,Boulder
Construction Manager,Irvine
Construction Manager,Charlotte
Construction Manager,Austin
Construction Manager,Chicago
Construction Manager,Boston
Construction Manager,Atlanta
Construction Manager,Miami
Construction Manager,Philadelphia
Construction Manager,Houston
Construction Manager,Washington
Marketing Manager,New York
Marketing Manager,Los Angeles
Marketing Manager,San Francisco
Marketing Manager,Seattle
Marketing Manager,Denver
Marketing Manager,San Diego
Marketing Manager,San Jose
Marketing Manager,Brooklyn
Marketing Manager,Oakland
Marketing Manager,Boulder
Marketing Manager,Irvine
Marketing Manager,Charlotte
Marketing Manager,Austin
Marketing Manager,Chicago
Marketing Manager,Boston
Marketing Manager,Atlanta
Marketing Manager,Miami
Marketing Manager,Philadelphia
Marketing Manager,Houston
Marketing Manager,Washington
Digital Marketing Specialist,New York
Digital Marketing Specialist,Los Angeles
Digital Marketing Specialist,San Francisco
Digital Marketing Specialist,Seattle
Digital Marketing Specialist,Denver
Digital Marketing Specialist,San Diego
Digital Marketing Specialist,San Jose
Digital Marketing Specialist,Brooklyn
Digital Marketing Specialist,Oakland
Digital Marketing Specialist,Boulder
Digital Marketing Specialist,Irvine
Digital Marketing Specialist,Charlotte
Digital Marketing Specialist,Austin
Digital Marketing Specialist,Chicago
Digital Marketing Specialist,Boston
Digital Marketing Specialist,Atlanta
Digital Marketing Specialist,Miami
Digital Marketing Specialist,Philadelphia
Digital Marketing Specialist,Houston
Digital Marketing Specialist,Washington
Human Resources Manager,New York
Human Resources Manager,Los Angeles
Human Resources Manager,San Francisco
Human Resources Manager,Seattle
Human Resources Manager,Denver
Human Resources Manager,San Diego
Human Resources Manager,San Jose
Human Resources Manager,Brooklyn
Human Resources Manager,Oakland
Human Resources Manager,Boulder
Human Resources Manager,Irvine
Human Resources Manager,Charlotte
Human Resources Manager,Austin
Human Resources Manager,Chicago
Human Resources Manager,Boston
Human Resources Manager,Atlanta
Human Resources Manager,Miami
Human Resources Manager,Philadelphia
Human Resources Manager,Houston
Human Resources Manager,Washington
Talent Acquisition Specialist,New York
Talent Acquisition Specialist,Los Angeles
Talent Acquisition Specialist,San Francisco
Talent Acquisition Specialist,Seattle
Talent Acquisition Specialist,Denver
Talent Acquisition Specialist,San Diego
Talent Acquisition Specialist,San Jose
Talent Acquisition Specialist,Brooklyn
Talent Acquisition Specialist,Oakland
Talent Acquisition Specialist,Boulder
Talent Acquisition Specialist,Irvine
Talent Acquisition Specialist,Charlotte
Talent Acquisition Specialist,Austin
Talent Acquisition Specialist,Chicago
Talent Acquisition Specialist,Boston
Talent Acquisition Specialist,Atlanta
Talent Acquisition Specialist,Miami
Talent Acquisition Specialist,Philadelphia
Talent Acquisition Specialist,Houston
Talent Acquisition Specialist,Washington
Software Developer,New York
Software Developer,Los Angeles
Software Developer,San Francisco
Software Developer,Seattle
Software Developer,Denver
Software Developer,San Diego
Software Developer,San Jose
Software Developer,Brooklyn
Software Developer,Oakland
Software Developer,Boulder
Software Developer,Irvine
Software Developer,Charlotte
Software Developer,Austin
Software Developer,Chicago
Software Developer,Boston
Software Developer,Atlanta
Software Developer,Miami
Software Developer,Philadelphia
Software Developer,Houston
Software Developer,Washington
DevOps Engineer,New York
DevOps Engineer,Los Angeles
DevOps Engineer,San Francisco
DevOps Engineer,Seattle
DevOps Engineer,Denver
DevOps Engineer,San Diego
DevOps Engineer,San Jose
DevOps Engineer,Brooklyn
DevOps Engineer,Oakland
DevOps Engineer,Boulder
DevOps Engineer,Irvine
DevOps Engineer,Charlotte
DevOps Engineer,Austin
DevOps Engineer,Chicago
DevOps Engineer,Boston
DevOps Engineer,Atlanta
DevOps Engineer,Miami
DevOps Engineer,Philadelphia
DevOps Engineer,Houston
DevOps Engineer,Washington
IT Support Specialist,New York
IT Support Specialist,Los Angeles
IT Support Specialist,San Francisco
IT Support Specialist,Seattle
IT Support Specialist,Denver
IT Support Specialist,San Diego
IT Support Specialist,San Jose
IT Support Specialist,Brooklyn
IT Support Specialist,Oakland
IT Support Specialist,Boulder
IT Support Specialist,Irvine
IT Support Specialist,Charlotte
IT Support Specialist,Austin
IT Support Specialist,Chicago
IT Support Specialist,Boston
IT Support Specialist,Atlanta
IT Support Specialist,Miami
IT Support Specialist,Philadelphia
IT Support Specialist,Houston
IT Support Specialist,Washington
Business Analyst,New York
Business Analyst,Los Angeles
Business Analyst,San Francisco
Business Analyst,Seattle
Business Analyst,Denver
Business Analyst,San Diego
Business Analyst,San Jose
Business Analyst,Brooklyn
Business Analyst,Oakland
Business Analyst,Boulder
Business Analyst,Irvine
Business Analyst,Charlotte
Business Analyst,Austin
Business Analyst,Chicago
Business Analyst,Boston
Business Analyst,Atlanta
Business Analyst,Miami
Business Analyst,Philadelphia
Business Analyst,Houston
Business Analyst,Washington
Financial Analyst,New York
Financial Analyst,Los Angeles
Financial Analyst,San Francisco
Financial Analyst,Seattle
Financial Analyst,Denver
Financial Analyst,San Diego
Financial Analyst,San Jose
Financial Analyst,Brooklyn
Financial Analyst,Oakland
Financial Analyst,Boulder
Financial Analyst,Irvine
Financial Analyst,Charlotte
Financial Analyst,Austin
Financial Analyst,Chicago
Financial Analyst,Boston
Financial Analyst,Atlanta
Financial Analyst,Miami
Financial Analyst,Philadelphia
Financial Analyst,Houston
Financial Analyst,Washington
Accountant,New York
Accountant,Los Angeles
Accountant,San Francisco
Accountant,Seattle
Accountant,Denver
Accountant,San Diego
Accountant,San Jose
Accountant,Brooklyn
Accountant,Oakland
Accountant,Boulder
Accountant,Irvine
Accountant,Charlotte
Accountant,Austin
Accountant,Chicago
Accountant,Boston
Accountant,Atlanta
Accountant,Miami
Accountant,Philadelphia
Accountant,Houston
Accountant,Washington
Bookkeeper,New York
Bookkeeper,Los Angeles
Bookkeeper,San Francisco
Bookkeeper,Seattle
Bookkeeper,Denver
Bookkeeper,San Diego
Bookkeeper,San Jose
Bookkeeper,Brooklyn
Bookkeeper,Oakland
Bookkeeper,Boulder
Bookkeeper,Irvine
Bookkeeper,Charlotte
Bookkeeper,Austin
Bookkeeper,Chicago
Bookkeeper,Boston
Bookkeeper,Atlanta
Bookkeeper,Miami
Bookkeeper,Philadelphia
Bookkeeper,Houston
Bookkeeper,Washington
Cybersecurity Analyst,New York
Cybersecurity Analyst,Los Angeles
Cybersecurity Analyst,San Francisco
Cybersecurity Analyst,Seattle
Cybersecurity Analyst,Denver
Cybersecurity Analyst,San Diego
Cybersecurity Analyst,San Jose
Cybersecurity Analyst,Brooklyn
Cybersecurity Analyst,Oakland
Cybersecurity Analyst,Boulder
Cybersecurity Analyst,Irvine
Cybersecurity Analyst,Charlotte
Cybersecurity Analyst,Austin
Cybersecurity Analyst,Chicago
Cybersecurity Analyst,Boston
Cybersecurity Analyst,Atlanta
Cybersecurity Analyst,Miami
Cybersecurity Analyst,Philadelphia
Cybersecurity Analyst,Houston
Cybersecurity Analyst,Washington
Cloud Engineer,New York
Cloud Engineer,Los Angeles
Cloud Engineer,San Francisco
Cloud Engineer,Seattle
Cloud Engineer,Denver
Cloud Engineer,San Diego
Cloud Engineer,San Jose
Cloud Engineer,Brooklyn
Cloud Engineer,Oakland
Cloud Engineer,Boulder
Cloud Engineer,Irvine
Cloud Engineer,Charlotte
Cloud Engineer,Austin
Cloud Engineer,Chicago
Cloud Engineer,Boston
Cloud Engineer,Atlanta
Cloud Engineer,Miami
Cloud Engineer,Philadelphia
Cloud Engineer,Houston
Cloud Engineer,Washington
AI Engineer,New York
AI Engineer,Los Angeles
AI Engineer,San Francisco
AI Engineer,Seattle
AI Engineer,Denver
AI Engineer,San Diego
AI Engineer,San Jose
AI Engineer,Brooklyn
AI Engineer,Oakland
AI Engineer,Boulder
AI Engineer,Irvine
AI Engineer,Charlotte
AI Engineer,Austin
AI Engineer,Chicago
AI Engineer,Boston
AI Engineer,Atlanta
AI Engineer,Miami
AI Engineer,Philadelphia
AI Engineer,Houston
AI Engineer,Washington
Data Scientist,New York
Data Scientist,Los Angeles
Data Scientist,San Francisco
Data Scientist,Seattle
Data Scientist,Denver
Data Scientist,San Diego
Data Scientist,San Jose
Data Scientist,Brooklyn
Data Scientist,Oakland
Data Scientist,Boulder
Data Scientist,Irvine
Data Scientist,Charlotte
Data Scientist,Austin
Data Scientist,Chicago
Data Scientist,Boston
Data Scientist,Atlanta
Data Scientist,Miami
Data Scientist,Philadelphia
Data Scientist,Houston
Data Scientist,Washington
Lab Technician,New York
Lab Technician,Los Angeles
Lab Technician,San Francisco
Lab Technician,Seattle
Lab Technician,Denver
Lab Technician,San Diego
Lab Technician,San Jose
Lab Technician,Brooklyn
Lab Technician,Oakland
Lab Technician,Boulder
Lab Technician,Irvine
Lab Technician,Charlotte
Lab Technician,Austin
Lab Technician,Chicago
Lab Technician,Boston
Lab Technician,Atlanta
Lab Technician,Miami
Lab Technician,Philadelphia
Lab Technician,Houston
Lab Technician,Washington
Pharmacy Technician,New York
Pharmacy Technician,Los Angeles
Pharmacy Technician,San Francisco
Pharmacy Technician,Seattle
Pharmacy Technician,Denver
Pharmacy Technician,San Diego
Pharmacy Technician,San Jose
Pharmacy Technician,Brooklyn
Pharmacy Technician,Oakland
Pharmacy Technician,Boulder
Pharmacy Technician,Irvine
Pharmacy Technician,Charlotte
Pharmacy Technician,Austin
Pharmacy Technician,Chicago
Pharmacy Technician,Boston
Pharmacy Technician,Atlanta
Pharmacy Technician,Miami
Pharmacy Technician,Philadelphia
Pharmacy Technician,Houston
Pharmacy Technician,Washington
Phlebotomist,New York
Phlebotomist,Los Angeles
Phlebotomist,San Francisco
Phlebotomist,Seattle
Phlebotomist,Denver
Phlebotomist,San Diego
Phlebotomist,San Jose
Phlebotomist,Brooklyn
Phlebotomist,Oakland
Phlebotomist,Boulder
Phlebotomist,Irvine
Phlebotomist,Charlotte
Phlebotomist,Austin
Phlebotomist,Chicago
Phlebotomist,Boston
Phlebotomist,Atlanta
Phlebotomist,Miami
Phlebotomist,Philadelphia
Phlebotomist,Houston
Phlebotomist,Washington
Physical Therapist,New York
Physical Therapist,Los Angeles
Physical Therapist,San Francisco
Physical Therapist,Seattle
Physical Therapist,Denver
Physical Therapist,San Diego
Physical Therapist,San Jose
Physical Therapist,Brooklyn
Physical Therapist,Oakland
Physical Therapist,Boulder
Physical Therapist,Irvine
Physical Therapist,Charlotte
Physical Therapist,Austin
Physical Therapist,Chicago
Physical Therapist,Boston
Physical Therapist,Atlanta
Physical Therapist,Miami
Physical Therapist,Philadelphia
Physical Therapist,Houston
Physical Therapist,Washington
Occupational Therapist,New York
Occupational Therapist,Los Angeles
Occupational Therapist,San Francisco
Occupational Therapist,Seattle
Occupational Therapist,Denver
Occupational Therapist,San Diego
Occupational Therapist,San Jose
Occupational Therapist,Brooklyn
Occupational Therapist,Oakland
Occupational Therapist,Boulder
Occupational Therapist,Irvine
Occupational Therapist,Charlotte
Occupational Therapist,Austin
Occupational Therapist,Chicago
Occupational Therapist,Boston
Occupational Therapist,Atlanta
Occupational Therapist,Miami
Occupational Therapist,Philadelphia
Occupational Therapist,Houston
Occupational Therapist,Washington
Speech Language Pathologist,New York
Speech Language Pathologist,Los Angeles
Speech Language Pathologist,San Francisco
Speech Language Pathologist,Seattle
Speech Language Pathologist,Denver
Speech Language Pathologist,San Diego
Speech Language Pathologist,San Jose
Speech Language Pathologist,Brooklyn
Speech Language Pathologist,Oakland
Speech Language Pathologist,Boulder
Speech Language Pathologist,Irvine
Speech Language Pathologist,Charlotte
Speech Language Pathologist,Austin
Speech Language Pathologist,Chicago
Speech Language Pathologist,Boston
Speech Language Pathologist,Atlanta
Speech Language Pathologist,Miami
Speech Language Pathologist,Philadelphia
Speech Language Pathologist,Houston
Speech Language Pathologist,Washington
Nurse Practitioner,New York
Nurse Practitioner,Los Angeles
Nurse Practitioner,San Francisco
Nurse Practitioner,Seattle
Nurse Practitioner,Denver
Nurse Practitioner,San Diego
Nurse Practitioner,San Jose
Nurse Practitioner,Brooklyn
Nurse Practitioner,Oakland
Nurse Practitioner,Boulder
Nurse Practitioner,Irvine
Nurse Practitioner,Charlotte
Nurse Practitioner,Austin
Nurse Practitioner,Chicago
Nurse Practitioner,Boston
Nurse Practitioner,Atlanta
Nurse Practitioner,Miami
Nurse Practitioner,Philadelphia
Nurse Practitioner,Houston
Nurse Practitioner,Washington
Physician Assistant,New York
Physician Assistant,Los Angeles
Physician Assistant,San Francisco
Physician Assistant,Seattle
Physician Assistant,Denver
Physician Assistant,San Diego
Physician Assistant,San Jose
Physician Assistant,Brooklyn
Physician Assistant,Oakland
Physician Assistant,Boulder
Physician Assistant,Irvine
Physician Assistant,Charlotte
Physician Assistant,Austin
Physician Assistant,Chicago
Physician Assistant,Boston
Physician Assistant,Atlanta
Physician Assistant,Miami
Physician Assistant,Philadelphia
Physician Assistant,Houston
Physician Assistant,Washington
Medical Assistant,New York
Medical Assistant,Los Angeles
Medical Assistant,San Francisco
Medical Assistant,Seattle
Medical Assistant,Denver
Medical Assistant,San Diego
Medical Assistant,San Jose
Medical Assistant,Brooklyn
Medical Assistant,Oakland
Medical Assistant,Boulder
Medical Assistant,Irvine
Medical Assistant,Charlotte
Medical Assistant,Austin
Medical Assistant,Chicago
Medical Assistant,Boston
Medical Assistant,Atlanta
Medical Assistant,Miami
Medical Assistant,Philadelphia
Medical Assistant,Houston
Medical Assistant,Washington
CNA (Certified Nursing Assistant),New York
CNA (Certified Nursing Assistant),Los Angeles
CNA (Certified Nursing Assistant),San Francisco
CNA (Certified Nursing Assistant),Seattle
CNA (Certified Nursing Assistant),Denver
CNA (Certified Nursing Assistant),San Diego
CNA (Certified Nursing Assistant),San Jose
CNA (Certified Nursing Assistant),Brooklyn
CNA (Certified Nursing Assistant),Oakland
CNA (Certified Nursing Assistant),Boulder
CNA (Certified Nursing Assistant),Irvine
CNA (Certified Nursing Assistant),Charlotte
CNA (Certified Nursing Assistant),Austin
CNA (Certified Nursing Assistant),Chicago
CNA (Certified Nursing Assistant),Boston
CNA (Certified Nursing Assistant),Atlanta
CNA (Certified Nursing Assistant),Miami
CNA (Certified Nursing Assistant),Philadelphia
CNA (Certified Nursing Assistant),Houston
CNA (Certified Nursing Assistant),Washington
EMT (Emergency Medical Tech),New York
EMT (Emergency Medical Tech),Los Angeles
EMT (Emergency Medical Tech),San Francisco
EMT (Emergency Medical Tech),Seattle
EMT (Emergency Medical Tech),Denver
EMT (Emergency Medical Tech),San Diego
EMT (Emergency Medical Tech),San Jose
EMT (Emergency Medical Tech),Brooklyn
EMT (Emergency Medical Tech),Oakland
EMT (Emergency Medical Tech),Boulder
EMT (Emergency Medical Tech),Irvine
EMT (Emergency Medical Tech),Charlotte
EMT (Emergency Medical Tech),Austin
EMT (Emergency Medical Tech),Chicago
EMT (Emergency Medical Tech),Boston
EMT (Emergency Medical Tech),Atlanta
EMT (Emergency Medical Tech),Miami
EMT (Emergency Medical Tech),Philadelphia
EMT (Emergency Medical Tech),Houston
EMT (Emergency Medical Tech),Washington
Paralegal,New York
Paralegal,Los Angeles
Paralegal,San Francisco
Paralegal,Seattle
Paralegal,Denver
Paralegal,San Diego
Paralegal,San Jose
Paralegal,Brooklyn
Paralegal,Oakland
Paralegal,Boulder
Paralegal,Irvine
Paralegal,Charlotte
Paralegal,Austin
Paralegal,Chicago
Paralegal,Boston
Paralegal,Atlanta
Paralegal,Miami
Paralegal,Philadelphia
Paralegal,Houston
Paralegal,Washington
Legal Assistant,New York
Legal Assistant,Los Angeles
Legal Assistant,San Francisco
Legal Assistant,Seattle
Legal Assistant,Denver
Legal Assistant,San Diego
Legal Assistant,San Jose
Legal Assistant,Brooklyn
Legal Assistant,Oakland
Legal Assistant,Boulder
Legal Assistant,Irvine
Legal Assistant,Charlotte
Legal Assistant,Austin
Legal Assistant,Chicago
Legal Assistant,Boston
Legal Assistant,Atlanta
Legal Assistant,Miami
Legal Assistant,Philadelphia
Legal Assistant,Houston
Legal Assistant,Washington
Administrative Assistant,New York
Administrative Assistant,Los Angeles
Administrative Assistant,San Francisco
Administrative Assistant,Seattle
Administrative Assistant,Denver
Administrative Assistant,San Diego
Administrative Assistant,San Jose
Administrative Assistant,Brooklyn
Administrative Assistant,Oakland
Administrative Assistant,Boulder
Administrative Assistant,Irvine
Administrative Assistant,Charlotte
Administrative Assistant,Austin
Administrative Assistant,Chicago
Administrative Assistant,Boston
Administrative Assistant,Atlanta
Administrative Assistant,Miami
Administrative Assistant,Philadelphia
Administrative Assistant,Houston
Administrative Assistant,Washington
Executive Assistant,New York
Executive Assistant,Los Angeles
Executive Assistant,San Francisco
Executive Assistant,Seattle
Executive Assistant,Denver
Executive Assistant,San Diego
Executive Assistant,San Jose
Executive Assistant,Brooklyn
Executive Assistant,Oakland
Executive Assistant,Boulder
Executive Assistant,Irvine
Executive Assistant,Charlotte
Executive Assistant,Austin
Executive Assistant,Chicago
Executive Assistant,Boston
Executive Assistant,Atlanta
Executive Assistant,Miami
Executive Assistant,Philadelphia
Executive Assistant,Houston
Executive Assistant,Washington
Office Manager,New York
Office Manager,Los Angeles
Office Manager,San Francisco
Office Manager,Seattle
Office Manager,Denver
Office Manager,San Diego
Office Manager,San Jose
Office Manager,Brooklyn
Office Manager,Oakland
Office Manager,Boulder
Office Manager,Irvine
Office Manager,Charlotte
Office Manager,Austin
Office Manager,Chicago
Office Manager,Boston
Office Manager,Atlanta
Office Manager,Miami
Office Manager,Philadelphia
Office Manager,Houston
Office Manager,Washington
Receptionist,New York
Receptionist,Los Angeles
Receptionist,San Francisco
Receptionist,Seattle
Receptionist,Denver
Receptionist,San Diego
Receptionist,San Jose
Receptionist,Brooklyn
Receptionist,Oakland
Receptionist,Boulder
Receptionist,Irvine
Receptionist,Charlotte
Receptionist,Austin
Receptionist,Chicago
Receptionist,Boston
Receptionist,Atlanta
Receptionist,Miami
Receptionist,Philadelphia
Receptionist,Houston
Receptionist,Washington
Dental Assistant,New York
Dental Assistant,Los Angeles
Dental Assistant,San Francisco
Dental Assistant,Seattle
Dental Assistant,Denver
Dental Assistant,San Diego
Dental Assistant,San Jose
Dental Assistant,Brooklyn
Dental Assistant,Oakland
Dental Assistant,Boulder
Dental Assistant,Irvine
Dental Assistant,Charlotte
Dental Assistant,Austin
Dental Assistant,Chicago
Dental Assistant,Boston
Dental Assistant,Atlanta
Dental Assistant,Miami
Dental Assistant,Philadelphia
Dental Assistant,Houston
Dental Assistant,Washington
Dental Hygienist,New York
Dental Hygienist,Los Angeles
Dental Hygienist,San Francisco
Dental Hygienist,Seattle
Dental Hygienist,Denver
Dental Hygienist,San Diego
Dental Hygienist,San Jose
Dental Hygienist,Brooklyn
Dental Hygienist,Oakland
Dental Hygienist,Boulder
Dental Hygienist,Irvine
Dental Hygienist,Charlotte
Dental Hygienist,Austin
Dental Hygienist,Chicago
Dental Hygienist,Boston
Dental Hygienist,Atlanta
Dental Hygienist,Miami
Dental Hygienist,Philadelphia
Dental Hygienist,Houston
Dental Hygienist,Washington
Radiologic Technologist,New York
Radiologic Technologist,Los Angeles
Radiologic Technologist,San Francisco
Radiologic Technologist,Seattle
Radiologic Technologist,Denver
Radiologic Technologist,San Diego
Radiologic Technologist,San Jose
Radiologic Technologist,Brooklyn
Radiologic Technologist,Oakland
Radiologic Technologist,Boulder
Radiologic Technologist,Irvine
Radiologic Technologist,Charlotte
Radiologic Technologist,Austin
Radiologic Technologist,Chicago
Radiologic Technologist,Boston
Radiologic Technologist,Atlanta
Radiologic Technologist,Miami
Radiologic Technologist,Philadelphia
Radiologic Technologist,Houston
Radiologic Technologist,Washington
Sonographer,New York
Sonographer,Los Angeles
Sonographer,San Francisco
Sonographer,Seattle
Sonographer,Denver
Sonographer,San Diego
Sonographer,San Jose
Sonographer,Brooklyn
Sonographer,Oakland
Sonographer,Boulder
Sonographer,Irvine
Sonographer,Charlotte
Sonographer,Austin
Sonographer,Chicago
Sonographer,Boston
Sonographer,Atlanta
Sonographer,Miami
Sonographer,Philadelphia
Sonographer,Houston
Sonographer,Washington
Veterinarian,New York
Veterinarian,Los Angeles
Veterinarian,San Francisco
Veterinarian,Seattle
Veterinarian,Denver
Veterinarian,San Diego
Veterinarian,San Jose
Veterinarian,Brooklyn
Veterinarian,Oakland
Veterinarian,Boulder
Veterinarian,Irvine
Veterinarian,Charlotte
Veterinarian,Austin
Veterinarian,Chicago
Veterinarian,Boston
Veterinarian,Atlanta
Veterinarian,Miami
Veterinarian,Philadelphia
Veterinarian,Houston
Veterinarian,Washington
Veterinary Technician,New York
Veterinary Technician,Los Angeles
Veterinary Technician,San Francisco
Veterinary Technician,Seattle
Veterinary Technician,Denver
Veterinary Technician,San Diego
Veterinary Technician,San Jose
Veterinary Technician,Brooklyn
Veterinary Technician,Oakland
Veterinary Technician,Boulder
Veterinary Technician,Irvine
Veterinary Technician,Charlotte
Veterinary Technician,Austin
Veterinary Technician,Chicago
Veterinary Technician,Boston
Veterinary Technician,Atlanta
Veterinary Technician,Miami
Veterinary Technician,Philadelphia
Veterinary Technician,Houston
Veterinary Technician,Washington
Graphic Designer,New York
Graphic Designer,Los Angeles
Graphic Designer,San Francisco
Graphic Designer,Seattle
Graphic Designer,Denver
Graphic Designer,San Diego
Graphic Designer,San Jose
Graphic Designer,Brooklyn
Graphic Designer,Oakland
Graphic Designer,Boulder
Graphic Designer,Irvine
Graphic Designer,Charlotte
Graphic Designer,Austin
Graphic Designer,Chicago
Graphic Designer,Boston
Graphic Designer,Atlanta
Graphic Designer,Miami
Graphic Designer,Philadelphia
Graphic Designer,Houston
Graphic Designer,Washington
Instructional Designer,New York
Instructional Designer,Los Angeles
Instructional Designer,San Francisco
Instructional Designer,Seattle
Instructional Designer,Denver
Instructional Designer,San Diego
Instructional Designer,San Jose
Instructional Designer,Brooklyn
Instructional Designer,Oakland
Instructional Designer,Boulder
Instructional Designer,Irvine
Instructional Designer,Charlotte
Instructional Designer,Austin
Instructional Designer,Chicago
Instructional Designer,Boston
Instructional Designer,Atlanta
Instructional Designer,Miami
Instructional Designer,Philadelphia
Instructional Designer,Houston
Instructional Designer,Washington
School Teacher,New York
School Teacher,Los Angeles
School Teacher,San Francisco
School Teacher,Seattle
School Teacher,Denver
School Teacher,San Diego
School Teacher,San Jose
School Teacher,Brooklyn
School Teacher,Oakland
School Teacher,Boulder
School Teacher,Irvine
School Teacher,Charlotte
School Teacher,Austin
School Teacher,Chicago
School Teacher,Boston
School Teacher,Atlanta
School Teacher,Miami
School Teacher,Philadelphia
School Teacher,Houston
School Teacher,Washington
Special Education Teacher,New York
Special Education Teacher,Los Angeles
Special Education Teacher,San Francisco
Special Education Teacher,Seattle
Special Education Teacher,Denver
Special Education Teacher,San Diego
Special Education Teacher,San Jose
Special Education Teacher,Brooklyn
Special Education Teacher,Oakland
Special Education Teacher,Boulder
Special Education Teacher,Irvine
Special Education Teacher,Charlotte
Special Education Teacher,Austin
Special Education Teacher,Chicago
Special Education Teacher,Boston
Special Education Teacher,Atlanta
Special Education Teacher,Miami
Special Education Teacher,Philadelphia
Special Education Teacher,Houston
Special Education Teacher,Washington
Librarian,New York
Librarian,Los Angeles
Librarian,San Francisco
Librarian,Seattle
Librarian,Denver
Librarian,San Diego
Librarian,San Jose
Librarian,Brooklyn
Librarian,Oakland
Librarian,Boulder
Librarian,Irvine
Librarian,Charlotte
Librarian,Austin
Librarian,Chicago
Librarian,Boston
Librarian,Atlanta
Librarian,Miami
Librarian,Philadelphia
Librarian,Houston
Librarian,Washington
Social Worker,New York
Social Worker,Los Angeles
Social Worker,San Francisco
Social Worker,Seattle
Social Worker,Denver
Social Worker,San Diego
Social Worker,San Jose
Social Worker,Brooklyn
Social Worker,Oakland
Social Worker,Boulder
Social Worker,Irvine
Social Worker,Charlotte
Social Worker,Austin
Social Worker,Chicago
Social Worker,Boston
Social Worker,Atlanta
Social Worker,Miami
Social Worker,Philadelphia
Social Worker,Houston
Social Worker,Washington
Case Manager,New York
Case Manager,Los Angeles
Case Manager,San Francisco
Case Manager,Seattle
Case Manager,Denver
Case Manager,San Diego
Case Manager,San Jose
Case Manager,Brooklyn
Case Manager,Oakland
Case Manager,Boulder
Case Manager,Irvine
Case Manager,Charlotte
Case Manager,Austin
Case Manager,Chicago
Case Manager,Boston
Case Manager,Atlanta
Case Manager,Miami
Case Manager,Philadelphia
Case Manager,Houston
Case Manager,Washington
Urban Planner,New York
Urban Planner,Los Angeles
Urban Planner,San Francisco
Urban Planner,Seattle
Urban Planner,Denver
Urban Planner,San Diego
Urban Planner,San Jose
Urban Planner,Brooklyn
Urban Planner,Oakland
Urban Planner,Boulder
Urban Planner,Irvine
Urban Planner,Charlotte
Urban Planner,Austin
Urban Planner,Chicago
Urban Planner,Boston
Urban Planner,Atlanta
Urban Planner,Miami
Urban Planner,Philadelphia
Urban Planner,Houston
Urban Planner,Washington
Statistician,New York
Statistician,Los Angeles
Statistician,San Francisco
Statistician,Seattle
Statistician,Denver
Statistician,San Diego
Statistician,San Jose
Statistician,Brooklyn
Statistician,Oakland
Statistician,Boulder
Statistician,Irvine
Statistician,Charlotte
Statistician,Austin
Statistician,Chicago
Statistician,Boston
Statistician,Atlanta
Statistician,Miami
Statistician,Philadelphia
Statistician,Houston
Statistician,Washington
Chemist,New York
Chemist,Los Angeles
Chemist,San Francisco
Chemist,Seattle
Chemist,Denver
Chemist,San Diego
Chemist,San Jose
Chemist,Brooklyn
Chemist,Oakland
Chemist,Boulder
Chemist,Irvine
Chemist,Charlotte
Chemist,Austin
Chemist,Chicago
Chemist,Boston
Chemist,Atlanta
Chemist,Miami
Chemist,Philadelphia
Chemist,Houston
Chemist,Washington
Microbiologist,New York
Microbiologist,Los Angeles
Microbiologist,San Francisco
Microbiologist,Seattle
Microbiologist,Denver
Microbiologist,San Diego
Microbiologist,San Jose
Microbiologist,Brooklyn
Microbiologist,Oakland
Microbiologist,Boulder
Microbiologist,Irvine
Microbiologist,Charlotte
Microbiologist,Austin
Microbiologist,Chicago
Microbiologist,Boston
Microbiologist,Atlanta
Microbiologist,Miami
Microbiologist,Philadelphia
Microbiologist,Houston
Microbiologist,Washington
Environmental Scientist,New York
Environmental Scientist,Los Angeles
Environmental Scientist,San Francisco
Environmental Scientist,Seattle
Environmental Scientist,Denver
Environmental Scientist,San Diego
Environmental Scientist,San Jose
Environmental Scientist,Brooklyn
Environmental Scientist,Oakland
Environmental Scientist,Boulder
Environmental Scientist,Irvine
Environmental Scientist,Charlotte
Environmental Scientist,Austin
Environmental Scientist,Chicago
Environmental Scientist,Boston
Environmental Scientist,Atlanta
Environmental Scientist,Miami
Environmental Scientist,Philadelphia
Environmental Scientist,Houston
Environmental Scientist,Washington
Research Scientist,New York
Research Scientist,Los Angeles
Research Scientist,San Francisco
Research Scientist,Seattle
Research Scientist,Denver
Research Scientist,San Diego
Research Scientist,San Jose
Research Scientist,Brooklyn
Research Scientist,Oakland
Research Scientist,Boulder
Research Scientist,Irvine
Research Scientist,Charlotte
Research Scientist,Austin
Research Scientist,Chicago
Research Scientist,Boston
Research Scientist,Atlanta
Research Scientist,Miami
Research Scientist,Philadelphia
Research Scientist,Houston
Research Scientist,Washington
Biomedical Engineer,New York
Biomedical Engineer,Los Angeles
Biomedical Engineer,San Francisco
Biomedical Engineer,Seattle
Biomedical Engineer,Denver
Biomedical Engineer,San Diego
Biomedical Engineer,San Jose
Biomedical Engineer,Brooklyn
Biomedical Engineer,Oakland
Biomedical Engineer,Boulder
Biomedical Engineer,Irvine
Biomedical Engineer,Charlotte
Biomedical Engineer,Austin
Biomedical Engineer,Chicago
Biomedical Engineer,Boston
Biomedical Engineer,Atlanta
Biomedical Engineer,Miami
Biomedical Engineer,Philadelphia
Biomedical Engineer,Houston
Biomedical Engineer,Washington
Test Engineer,New York
Test Engineer,Los Angeles
Test Engineer,San Francisco
Test Engineer,Seattle
Test Engineer,Denver
Test Engineer,San Diego
Test Engineer,San Jose
Test Engineer,Brooklyn
Test Engineer,Oakland
Test Engineer,Boulder
Test Engineer,Irvine
Test Engineer,Charlotte
Test Engineer,Austin
Test Engineer,Chicago
Test Engineer,Boston
Test Engineer,Atlanta
Test Engineer,Miami
Test Engineer,Philadelphia
Test Engineer,Houston
Test Engineer,Washington
QA Engineer,New York
QA Engineer,Los Angeles
QA Engineer,San Francisco
QA Engineer,Seattle
QA Engineer,Denver
QA Engineer,San Diego
QA Engineer,San Jose
QA Engineer,Brooklyn
QA Engineer,Oakland
QA Engineer,Boulder
QA Engineer,Irvine
QA Engineer,Charlotte
QA Engineer,Austin
QA Engineer,Chicago
QA Engineer,Boston
QA Engineer,Atlanta
QA Engineer,Miami
QA Engineer,Philadelphia
QA Engineer,Houston
QA Engineer,Washington
Compliance Analyst,New York
Compliance Analyst,Los Angeles
Compliance Analyst,San Francisco
Compliance Analyst,Seattle
Compliance Analyst,Denver
Compliance Analyst,San Diego
Compliance Analyst,San Jose
Compliance Analyst,Brooklyn
Compliance Analyst,Oakland
Compliance Analyst,Boulder
Compliance Analyst,Irvine
Compliance Analyst,Charlotte
Compliance Analyst,Austin
Compliance Analyst,Chicago
Compliance Analyst,Boston
Compliance Analyst,Atlanta
Compliance Analyst,Miami
Compliance Analyst,Philadelphia
Compliance Analyst,Houston
Compliance Analyst,Washington
Manufacturing Engineer,New York
Manufacturing Engineer,Los Angeles
Manufacturing Engineer,San Francisco
Manufacturing Engineer,Seattle
Manufacturing Engineer,Denver
Manufacturing Engineer,San Diego
Manufacturing Engineer,San Jose
Manufacturing Engineer,Brooklyn
Manufacturing Engineer,Oakland
Manufacturing Engineer,Boulder
Manufacturing Engineer,Irvine
Manufacturing Engineer,Charlotte
Manufacturing Engineer,Austin
Manufacturing Engineer,Chicago
Manufacturing Engineer,Boston
Manufacturing Engineer,Atlanta
Manufacturing Engineer,Miami
Manufacturing Engineer,Philadelphia
Manufacturing Engineer,Houston
Manufacturing Engineer,Washington
Industrial Engineer,New York
Industrial Engineer,Los Angeles
Industrial Engineer,San Francisco
Industrial Engineer,Seattle
Industrial Engineer,Denver
Industrial Engineer,San Diego
Industrial Engineer,San Jose
Industrial Engineer,Brooklyn
Industrial Engineer,Oakland
Industrial Engineer,Boulder
Industrial Engineer,Irvine
Industrial Engineer,Charlotte
Industrial Engineer,Austin
Industrial Engineer,Chicago
Industrial Engineer,Boston
Industrial Engineer,Atlanta
Industrial Engineer,Miami
Industrial Engineer,Philadelphia
Industrial Engineer,Houston
Industrial Engineer,Washington
Systems Analyst,New York
Systems Analyst,Los Angeles
Systems Analyst,San Francisco
Systems Analyst,Seattle
Systems Analyst,Denver
Systems Analyst,San Diego
Systems Analyst,San Jose
Systems Analyst,Brooklyn
Systems Analyst,Oakland
Systems Analyst,Boulder
Systems Analyst,Irvine
Systems Analyst,Charlotte
Systems Analyst,Austin
Systems Analyst,Chicago
Systems Analyst,Boston
Systems Analyst,Atlanta
Systems Analyst,Miami
Systems Analyst,Philadelphia
Systems Analyst,Houston
Systems Analyst,Washington
Logistics Coordinator,New York
Logistics Coordinator,Los Angeles
Logistics Coordinator,San Francisco
Logistics Coordinator,Seattle
Logistics Coordinator,Denver
Logistics Coordinator,San Diego
Logistics Coordinator,San Jose
Logistics Coordinator,Brooklyn
Logistics Coordinator,Oakland
Logistics Coordinator,Boulder
Logistics Coordinator,Irvine
Logistics Coordinator,Charlotte
Logistics Coordinator,Austin
Logistics Coordinator,Chicago
Logistics Coordinator,Boston
Logistics Coordinator,Atlanta
Logistics Coordinator,Miami
Logistics Coordinator,Philadelphia
Logistics Coordinator,Houston
Logistics Coordinator,Washington
Warehouse Associate,New York
Warehouse Associate,Los Angeles
Warehouse Associate,San Francisco
Warehouse Associate,Seattle
Warehouse Associate,Denver
Warehouse Associate,San Diego
Warehouse Associate,San Jose
Warehouse Associate,Brooklyn
Warehouse Associate,Oakland
Warehouse Associate,Boulder
Warehouse Associate,Irvine
Warehouse Associate,Charlotte
Warehouse Associate,Austin
Warehouse Associate,Chicago
Warehouse Associate,Boston
Warehouse Associate,Atlanta
Warehouse Associate,Miami
Warehouse Associate,Philadelphia
Warehouse Associate,Houston
Warehouse Associate,Washington
Maintenance Technician,New York
Maintenance Technician,Los Angeles
Maintenance Technician,San Francisco
Maintenance Technician,Seattle
Maintenance Technician,Denver
Maintenance Technician,San Diego
Maintenance Technician,San Jose
Maintenance Technician,Brooklyn
Maintenance Technician,Oakland
Maintenance Technician,Boulder
Maintenance Technician,Irvine
Maintenance Technician,Charlotte
Maintenance Technician,Austin
Maintenance Technician,Chicago
Maintenance Technician,Boston
Maintenance Technician,Atlanta
Maintenance Technician,Miami
Maintenance Technician,Philadelphia
Maintenance Technician,Houston
Maintenance Technician,Washington
HVAC Technician,New York
HVAC Technician,Los Angeles
HVAC Technician,San Francisco
HVAC Technician,Seattle
HVAC Technician,Denver
HVAC Technician,San Diego
HVAC Technician,San Jose
HVAC Technician,Brooklyn
HVAC Technician,Oakland
HVAC Technician,Boulder
HVAC Technician,Irvine
HVAC Technician,Charlotte
HVAC Technician,Austin
HVAC Technician,Chicago
HVAC Technician,Boston
HVAC Technician,Atlanta
HVAC Technician,Miami
HVAC Technician,Philadelphia
HVAC Technician,Houston
HVAC Technician,Washington
Plumber,New York
Plumber,Los Angeles
Plumber,San Francisco
Plumber,Seattle
Plumber,Denver
Plumber,San Diego
Plumber,San Jose
Plumber,Brooklyn
Plumber,Oakland
Plumber,Boulder
Plumber,Irvine
Plumber,Charlotte
Plumber,Austin
Plumber,Chicago
Plumber,Boston
Plumber,Atlanta
Plumber,Miami
Plumber,Philadelphia
Plumber,Houston
Plumber,Washington
Electrician,New York
Electrician,Los Angeles
Electrician,San Francisco
Electrician,Seattle
Electrician,Denver
Electrician,San Diego
Electrician,San Jose
Electrician,Brooklyn
Electrician,Oakland
Electrician,Boulder
Electrician,Irvine
Electrician,Charlotte
Electrician,Austin
Electrician,Chicago
Electrician,Boston
Electrician,Atlanta
Electrician,Miami
Electrician,Philadelphia
Electrician,Houston
Electrician,Washington
Welder,New York
Welder,Los Angeles
Welder,San Francisco
Welder,Seattle
Welder,Denver
Welder,San Diego
Welder,San Jose
Welder,Brooklyn
Welder,Oakland
Welder,Boulder
Welder,Irvine
Welder,Charlotte
Welder,Austin
Welder,Chicago
Welder,Boston
Welder,Atlanta
Welder,Miami
Welder,Philadelphia
Welder,Houston
Welder,Washington
Lab Manager,New York
Lab Manager,Los Angeles
Lab Manager,San Francisco
Lab Manager,Seattle
Lab Manager,Denver
Lab Manager,San Diego
Lab Manager,San Jose
Lab Manager,Brooklyn
Lab Manager,Oakland
Lab Manager,Boulder
Lab Manager,Irvine
Lab Manager,Charlotte
Lab Manager,Austin
Lab Manager,Chicago
Lab Manager,Boston
Lab Manager,Atlanta
Lab Manager,Miami
Lab Manager,Philadelphia
Lab Manager,Houston
Lab Manager,Washington
Operations Manager,New York
Operations Manager,Los Angeles
Operations Manager,San Francisco
Operations Manager,Seattle
Operations Manager,Denver
Operations Manager,San Diego
Operations Manager,San Jose
Operations Manager,Brooklyn
Operations Manager,Oakland
Operations Manager,Boulder
Operations Manager,Irvine
Operations Manager,Charlotte
Operations Manager,Austin
Operations Manager,Chicago
Operations Manager,Boston
Operations Manager,Atlanta
Operations Manager,Miami
Operations Manager,Philadelphia
Operations Manager,Houston
Operations Manager,Washington
General Manager,New York
General Manager,Los Angeles
General Manager,San Francisco
General Manager,Seattle
General Manager,Denver
General Manager,San Diego
General Manager,San Jose
General Manager,Brooklyn
General Manager,Oakland
General Manager,Boulder
General Manager,Irvine
General Manager,Charlotte
General Manager,Austin
General Manager,Chicago
General Manager,Boston
General Manager,Atlanta
General Manager,Miami
General Manager,Philadelphia
General Manager,Houston
General Manager,Washington
Account Manager,New York
Account Manager,Los Angeles
Account Manager,San Francisco
Account Manager,Seattle
Account Manager,Denver
Account Manager,San Diego
Account Manager,San Jose
Account Manager,Brooklyn
Account Manager,Oakland
Account Manager,Boulder
Account Manager,Irvine
Account Manager,Charlotte
Account Manager,Austin
Account Manager,Chicago
Account Manager,Boston
Account Manager,Atlanta
Account Manager,Miami
Account Manager,Philadelphia
Account Manager,Houston
Account Manager,Washington
Customer Success Manager,New York
Customer Success Manager,Los Angeles
Customer Success Manager,San Francisco
Customer Success Manager,Seattle
Customer Success Manager,Denver
Customer Success Manager,San Diego
Customer Success Manager,San Jose
Customer Success Manager,Brooklyn
Customer Success Manager,Oakland
Customer Success Manager,Boulder
Customer Success Manager,Irvine
Customer Success Manager,Charlotte
Customer Success Manager,Austin
Customer Success Manager,Chicago
Customer Success Manager,Boston
Customer Success Manager,Atlanta
Customer Success Manager,Miami
Customer Success Manager,Philadelphia
Customer Success Manager,Houston
Customer Success Manager,Washington
Technical Writer,New York
Technical Writer,Los Angeles
Technical Writer,San Francisco
Technical Writer,Seattle
Technical Writer,Denver
Technical Writer,San Diego
Technical Writer,San Jose
Technical Writer,Brooklyn
Technical Writer,Oakland
Technical Writer,Boulder
Technical Writer,Irvine
Technical Writer,Charlotte
Technical Writer,Austin
Technical Writer,Chicago
Technical Writer,Boston
Technical Writer,Atlanta
Technical Writer,Miami
Technical Writer,Philadelphia
Technical Writer,Houston
Technical Writer,Washington
Business Intelligence Analyst,New York
Business Intelligence Analyst,Los Angeles
Business Intelligence Analyst,San Francisco
Business Intelligence Analyst,Seattle
Business Intelligence Analyst,Denver
Business Intelligence Analyst,San Diego
Business Intelligence Analyst,San Jose
Business Intelligence Analyst,Brooklyn
Business Intelligence Analyst,Oakland
Business Intelligence Analyst,Boulder
Business Intelligence Analyst,Irvine
Business Intelligence Analyst,Charlotte
Business Intelligence Analyst,Austin
Business Intelligence Analyst,Chicago
Business Intelligence Analyst,Boston
Business Intelligence Analyst,Atlanta
Business Intelligence Analyst,Miami
Business Intelligence Analyst,Philadelphia
Business Intelligence Analyst,Houston
Business Intelligence Analyst,Washington
Clinical Data Manager,New York
Clinical Data Manager,Los Angeles
Clinical Data Manager,San Francisco
Clinical Data Manager,Seattle
Clinical Data Manager,Denver
Clinical Data Manager,San Diego
Clinical Data Manager,San Jose
Clinical Data Manager,Brooklyn
Clinical Data Manager,Oakland
Clinical Data Manager,Boulder
Clinical Data Manager,Irvine
Clinical Data Manager,Charlotte
Clinical Data Manager,Austin
Clinical Data Manager,Chicago
Clinical Data Manager,Boston
Clinical Data Manager,Atlanta
Clinical Data Manager,Miami
Clinical Data Manager,Philadelphia
Clinical Data Manager,Houston
Clinical Data Manager,Washington
Health Information Technician,New York
Health Information Technician,Los Angeles
Health Information Technician,San Francisco
Health Information Technician,Seattle
Health Information Technician,Denver
Health Information Technician,San Diego
Health Information Technician,San Jose
Health Information Technician,Brooklyn
Health Information Technician,Oakland
Health Information Technician,Boulder
Health Information Technician,Irvine
Health Information Technician,Charlotte
Health Information Technician,Austin
Health Information Technician,Chicago
Health Information Technician,Boston
Health Information Technician,Atlanta
Health Information Technician,Miami
Health Information Technician,Philadelphia
Health Information Technician,Houston
Health Information Technician,Washington
Epidemiologist,New York
Epidemiologist,Los Angeles
Epidemiologist,San Francisco
Epidemiologist,Seattle
Epidemiologist,Denver
Epidemiologist,San Diego
Epidemiologist,San Jose
Epidemiologist,Brooklyn
Epidemiologist,Oakland
Epidemiologist,Boulder
Epidemiologist,Irvine
Epidemiologist,Charlotte
Epidemiologist,Austin
Epidemiologist,Chicago
Epidemiologist,Boston
Epidemiologist,Atlanta
Epidemiologist,Miami
Epidemiologist,Philadelphia
Epidemiologist,Houston
Epidemiologist,Washington
Medical Coder,New York
Medical Coder,Los Angeles
Medical Coder,San Francisco
Medical Coder,Seattle
Medical Coder,Denver
Medical Coder,San Diego
Medical Coder,San Jose
Medical Coder,Brooklyn
Medical Coder,Oakland
Medical Coder,Boulder
Medical Coder,Irvine
Medical Coder,Charlotte
Medical Coder,Austin
Medical Coder,Chicago
Medical Coder,Boston
Medical Coder,Atlanta
Medical Coder,Miami
Medical Coder,Philadelphia
Medical Coder,Houston
Medical Coder,Washington
Respiratory Therapist,New York
Respiratory Therapist,Los Angeles
Respiratory Therapist,San Francisco
Respiratory Therapist,Seattle
Respiratory Therapist,Denver
Respiratory Therapist,San Diego
Respiratory Therapist,San Jose
Respiratory Therapist,Brooklyn
Respiratory Therapist,Oakland
Respiratory Therapist,Boulder
Respiratory Therapist,Irvine
Respiratory Therapist,Charlotte
Respiratory Therapist,Austin
Respiratory Therapist,Chicago
Respiratory Therapist,Boston
Respiratory Therapist,Atlanta
Respiratory Therapist,Miami
Respiratory Therapist,Philadelphia
Respiratory Therapist,Houston
Respiratory Therapist,Washington
MRI Technologist,New York
MRI Technologist,Los Angeles
MRI Technologist,San Francisco
MRI Technologist,Seattle
MRI Technologist,Denver
MRI Technologist,San Diego
MRI Technologist,San Jose
MRI Technologist,Brooklyn
MRI Technologist,Oakland
MRI Technologist,Boulder
MRI Technologist,Irvine
MRI Technologist,Charlotte
MRI Technologist,Austin
MRI Technologist,Chicago
MRI Technologist,Boston
MRI Technologist,Atlanta
MRI Technologist,Miami
MRI Technologist,Philadelphia
MRI Technologist,Houston
MRI Technologist,Washington
X-Ray Technician,New York
X-Ray Technician,Los Angeles
X-Ray Technician,San Francisco
X-Ray Technician,Seattle
X-Ray Technician,Denver
X-Ray Technician,San Diego
X-Ray Technician,San Jose
X-Ray Technician,Brooklyn
X-Ray Technician,Oakland
X-Ray Technician,Boulder
X-Ray Technician,Irvine
X-Ray Technician,Charlotte
X-Ray Technician,Austin
X-Ray Technician,Chicago
X-Ray Technician,Boston
X-Ray Technician,Atlanta
X-Ray Technician,Miami
X-Ray Technician,Philadelphia
X-Ray Technician,Houston
X-Ray Technician,Washington
Radiation Therapist,New York
Radiation Therapist,Los Angeles
Radiation Therapist,San Francisco
Radiation Therapist,Seattle
Radiation Therapist,Denver
Radiation Therapist,San Diego
Radiation Therapist,San Jose
Radiation Therapist,Brooklyn
Radiation Therapist,Oakland
Radiation Therapist,Boulder
Radiation Therapist,Irvine
Radiation Therapist,Charlotte
Radiation Therapist,Austin
Radiation Therapist,Chicago
Radiation Therapist,Boston
Radiation Therapist,Atlanta
Radiation Therapist,Miami
Radiation Therapist,Philadelphia
Radiation Therapist,Houston
Radiation Therapist,Washington
Occupational Health Specialist,New York
Occupational Health Specialist,Los Angeles
Occupational Health Specialist,San Francisco
Occupational Health Specialist,Seattle
Occupational Health Specialist,Denver
Occupational Health Specialist,San Diego
Occupational Health Specialist,San Jose
Occupational Health Specialist,Brooklyn
Occupational Health Specialist,Oakland
Occupational Health Specialist,Boulder
Occupational Health Specialist,Irvine
Occupational Health Specialist,Charlotte
Occupational Health Specialist,Austin
Occupational Health Specialist,Chicago
Occupational Health Specialist,Boston
Occupational Health Specialist,Atlanta
Occupational Health Specialist,Miami
Occupational Health Specialist,Philadelphia
Occupational Health Specialist,Houston
Occupational Health Specialist,Washington
Food Safety Specialist,New York
Food Safety Specialist,Los Angeles
Food Safety Specialist,San Francisco
Food Safety Specialist,Seattle
Food Safety Specialist,Denver
Food Safety Specialist,San Diego
Food Safety Specialist,San Jose
Food Safety Specialist,Brooklyn
Food Safety Specialist,Oakland
Food Safety Specialist,Boulder
Food Safety Specialist,Irvine
Food Safety Specialist,Charlotte
Food Safety Specialist,Austin
Food Safety Specialist,Chicago
Food Safety Specialist,Boston
Food Safety Specialist,Atlanta
Food Safety Specialist,Miami
Food Safety Specialist,Philadelphia
Food Safety Specialist,Houston
Food Safety Specialist,Washington
Biostatistician,New York
Biostatistician,Los Angeles
Biostatistician,San Francisco
Biostatistician,Seattle
Biostatistician,Denver
Biostatistician,San Diego
Biostatistician,San Jose
Biostatistician,Brooklyn
Biostatistician,Oakland
Biostatistician,Boulder
Biostatistician,Irvine
Biostatistician,Charlotte
Biostatistician,Austin
Biostatistician,Chicago
Biostatistician,Boston
Biostatistician,Atlanta
Biostatistician,Miami
Biostatistician,Philadelphia
Biostatistician,Houston
Biostatistician,Washington
Materials Scientist,New York
Materials Scientist,Los Angeles
Materials Scientist,San Francisco
Materials Scientist,Seattle
Materials Scientist,Denver
Materials Scientist,San Diego
Materials Scientist,San Jose
Materials Scientist,Brooklyn
Materials Scientist,Oakland
Materials Scientist,Boulder
Materials Scientist,Irvine
Materials Scientist,Charlotte
Materials Scientist,Austin
Materials Scientist,Chicago
Materials Scientist,Boston
Materials Scientist,Atlanta
Materials Scientist,Miami
Materials Scientist,Philadelphia
Materials Scientist,Houston
Materials Scientist,Washington
Mechanical Designer,New York
Mechanical Designer,Los Angeles
Mechanical Designer,San Francisco
Mechanical Designer,Seattle
Mechanical Designer,Denver
Mechanical Designer,San Diego
Mechanical Designer,San Jose
Mechanical Designer,Brooklyn
Mechanical Designer,Oakland
Mechanical Designer,Boulder
Mechanical Designer,Irvine
Mechanical Designer,Charlotte
Mechanical Designer,Austin
Mechanical Designer,Chicago
Mechanical Designer,Boston
Mechanical Designer,Atlanta
Mechanical Designer,Miami
Mechanical Designer,Philadelphia
Mechanical Designer,Houston
Mechanical Designer,Washington
Electronics Technician,New York
Electronics Technician,Los Angeles
Electronics Technician,San Francisco
Electronics Technician,Seattle
Electronics Technician,Denver
Electronics Technician,San Diego
Electronics Technician,San Jose
Electronics Technician,Brooklyn
Electronics Technician,Oakland
Electronics Technician,Boulder
Electronics Technician,Irvine
Electronics Technician,Charlotte
Electronics Technician,Austin
Electronics Technician,Chicago
Electronics Technician,Boston
Electronics Technician,Atlanta
Electronics Technician,Miami
Electronics Technician,Philadelphia
Electronics Technician,Houston
Electronics Technician,Washington
IT Systems Administrator,New York
IT Systems Administrator,Los Angeles
IT Systems Administrator,San Francisco
IT Systems Administrator,Seattle
IT Systems Administrator,Denver
IT Systems Administrator,San Diego
IT Systems Administrator,San Jose
IT Systems Administrator,Brooklyn
IT Systems Administrator,Oakland
IT Systems Administrator,Boulder
IT Systems Administrator,Irvine
IT Systems Administrator,Charlotte
IT Systems Administrator,Austin
IT Systems Administrator,Chicago
IT Systems Administrator,Boston
IT Systems Administrator,Atlanta
IT Systems Administrator,Miami
IT Systems Administrator,Philadelphia
IT Systems Administrator,Houston
IT Systems Administrator,Washington
Database Administrator,New York
Database Administrator,Los Angeles
Database Administrator,San Francisco
Database Administrator,Seattle
Database Administrator,Denver
Database Administrator,San Diego
Database Administrator,San Jose
Database Administrator,Brooklyn
Database Administrator,Oakland
Database Administrator,Boulder
Database Administrator,Irvine
Database Administrator,Charlotte
Database Administrator,Austin
Database Administrator,Chicago
Database Administrator,Boston
Database Administrator,Atlanta
Database Administrator,Miami
Database Administrator,Philadelphia
Database Administrator,Houston
Database Administrator,Washington
